model,rmse,mae,directional_accuracy,train_size,test_size,feature_set
TSLA - Linear Regression (Tech),12.559201919048167,9.785862813533905,48.698884758364315,1077,270,Tech-Only
TSLA - Random Forest (Tech),18.14839359585181,14.108222744032538,47.21189591078067,1077,270,Tech-Only
TSLA - XGBoost (Tech),25.020388180439394,20.446464482060186,51.6728624535316,1077,270,Tech-Only
TSLA - Linear Regression (Tech+Sent),12.55920191904816,9.785862813533898,48.698884758364315,1077,270,Tech+Sent
TSLA - Random Forest (Tech+Sent),17.919044243313262,13.975400548479639,46.468401486988846,1077,270,Tech+Sent
TSLA - XGBoost (Tech+Sent),25.020388180439394,20.446464482060186,51.6728624535316,1077,270,Tech+Sent
NVDA - Linear Regression (Tech),3.974385986935005,2.99881578845666,45.72490706319702,1077,270,Tech-Only
NVDA - Random Forest (Tech),36.73278432083236,29.955555011998694,44.98141263940521,1077,270,Tech-Only
NVDA - XGBoost (Tech),34.57920740409691,28.22761801260489,48.698884758364315,1077,270,Tech-Only
NVDA - Linear Regression (Tech+Sent),3.9743859869350042,2.9988157884566626,45.72490706319702,1077,270,Tech+Sent
NVDA - Random Forest (Tech+Sent),36.684903566029355,29.870533350392126,46.09665427509294,1077,270,Tech+Sent
NVDA - XGBoost (Tech+Sent),34.57920740409691,28.22761801260489,48.698884758364315,1077,270,Tech+Sent
META - Linear Regression (Tech),15.609574584861036,10.549740677345179,49.07063197026022,1077,270,Tech-Only
META - Random Forest (Tech),50.00376034488651,39.663745172447946,47.58364312267658,1077,270,Tech-Only
META - XGBoost (Tech),61.43254352870963,47.739112006293404,47.58364312267658,1077,270,Tech-Only
META - Linear Regression (Tech+Sent),15.60957458486103,10.54974067734517,49.07063197026022,1077,270,Tech+Sent
META - Random Forest (Tech+Sent),48.285911604686895,37.79201792534747,44.98141263940521,1077,270,Tech+Sent
META - XGBoost (Tech+Sent),61.43254352870963,47.739112006293404,47.58364312267658,1077,270,Tech+Sent
AAPL - Linear Regression (Tech),4.420799654301739,2.9237415168173597,53.159851301115246,1077,270,Tech-Only
AAPL - Random Forest (Tech),14.019659322625786,10.102697660507747,51.301115241635685,1077,270,Tech-Only
AAPL - XGBoost (Tech),16.967449488221074,12.053153313530817,54.646840148698885,1077,270,Tech-Only
AAPL - Linear Regression (Tech+Sent),4.420799654301743,2.923741516817361,53.159851301115246,1077,270,Tech+Sent
AAPL - Random Forest (Tech+Sent),14.209834738668706,10.25913480727136,49.44237918215613,1077,270,Tech+Sent
AAPL - XGBoost (Tech+Sent),16.967449488221074,12.053153313530817,54.646840148698885,1077,270,Tech+Sent
MSFT - Linear Regression (Tech),7.376518668331597,5.087016919243609,46.84014869888476,1077,270,Tech-Only
MSFT - Random Forest (Tech),43.00655788818991,33.86161513478645,48.3271375464684,1077,270,Tech-Only
MSFT - XGBoost (Tech),42.88819845531352,34.10143263075087,46.468401486988846,1077,270,Tech-Only
MSFT - Linear Regression (Tech+Sent),7.376518668331593,5.087016919243607,46.84014869888476,1077,270,Tech+Sent
MSFT - Random Forest (Tech+Sent),42.61453690406979,33.61868559722407,48.3271375464684,1077,270,Tech+Sent
MSFT - XGBoost (Tech+Sent),42.88819845531352,34.10143263075087,46.468401486988846,1077,270,Tech+Sent
GOOGL - Linear Regression (Tech),4.335354546080014,3.202132181279948,51.11111111111111,1083,271,Tech-Only
GOOGL - Random Forest (Tech),69.44270508771157,47.39712020102581,47.03703703703704,1083,271,Tech-Only
GOOGL - XGBoost (Tech),72.42451598274327,50.20942828752018,53.333333333333336,1083,271,Tech-Only
GOOGL - Linear Regression (Tech+Sent),4.335354546080006,3.202132181279943,51.11111111111111,1083,271,Tech+Sent
GOOGL - Random Forest (Tech+Sent),69.31121520361225,47.29605643323582,47.40740740740741,1083,271,Tech+Sent
GOOGL - XGBoost (Tech+Sent),72.42451598274327,50.20942828752018,53.333333333333336,1083,271,Tech+Sent
AMZN - Linear Regression (Tech),4.573154103393477,3.263982437168927,48.148148148148145,1083,271,Tech-Only
AMZN - Random Forest (Tech),8.88275856219786,7.02143625582577,52.59259259259259,1083,271,Tech-Only
AMZN - XGBoost (Tech),8.768609898227622,6.98558241502825,52.22222222222223,1083,271,Tech-Only
AMZN - Linear Regression (Tech+Sent),4.573154103393477,3.263982437168927,48.148148148148145,1083,271,Tech+Sent
AMZN - Random Forest (Tech+Sent),8.03628202009092,6.365239985668485,50.74074074074074,1083,271,Tech+Sent
AMZN - XGBoost (Tech+Sent),8.768609898227622,6.98558241502825,52.22222222222223,1083,271,Tech+Sent
SPY - Linear Regression (Tech),6.796114576063992,4.458304609470812,47.40740740740741,1083,271,Tech-Only
SPY - Random Forest (Tech),64.55413284794912,52.375288479027624,48.51851851851852,1083,271,Tech-Only
SPY - XGBoost (Tech),64.79934551829102,52.23069599897659,47.77777777777778,1083,271,Tech-Only
SPY - Linear Regression (Tech+Sent),6.796114576064003,4.458304609470816,47.40740740740741,1083,271,Tech+Sent
SPY - Random Forest (Tech+Sent),64.25929280108069,52.12769460172109,50.0,1083,271,Tech+Sent
SPY - XGBoost (Tech+Sent),64.79934551829102,52.23069599897659,47.77777777777778,1083,271,Tech+Sent
QQQ - Linear Regression (Tech),7.463470636393342,5.288525894962773,46.666666666666664,1083,271,Tech-Only
QQQ - Random Forest (Tech),66.79267836501944,54.908480526011175,44.81481481481481,1083,271,Tech-Only
QQQ - XGBoost (Tech),71.01250769784667,59.01656563959438,47.40740740740741,1083,271,Tech-Only
QQQ - Linear Regression (Tech+Sent),7.463470636393342,5.288525894962773,46.666666666666664,1083,271,Tech+Sent
QQQ - Random Forest (Tech+Sent),66.34855953231704,54.431883715020604,47.03703703703704,1083,271,Tech+Sent
QQQ - XGBoost (Tech+Sent),71.01250769784667,59.01656563959438,47.40740740740741,1083,271,Tech+Sent
