stock,model,feature_set,test_days,train_size,test_size,rmse,mae,directional_accuracy,naive_rmse,naive_mae,beat_naive
TSLA,Linear Regression,Tech-Only,30,1317,30,9.416814362135288,7.650008893570204,44.827586206896555,9.692661526676115,7.785516146955817,True
TSLA,Linear Regression,Tech-Only,60,1287,60,10.14974052690218,8.291299800583856,49.152542372881356,10.20517072168627,8.258812855865997,True
TSLA,Linear Regression,Tech-Only,90,1257,90,11.273298445070074,9.200940370625833,49.43820224719101,11.304269621270516,9.012809839141504,True
TSLA,Linear Regression,Tech+Sent,30,1317,30,9.416814362135295,7.650008893570204,44.827586206896555,9.692661526676115,7.785516146955817,True
TSLA,Linear Regression,Tech+Sent,60,1287,60,10.149740526902189,8.291299800583873,49.152542372881356,10.20517072168627,8.258812855865997,True
TSLA,Linear Regression,Tech+Sent,90,1257,90,11.273298445070083,9.200940370625846,49.43820224719101,11.304269621270516,9.012809839141504,True
TSLA,Random Forest,Tech-Only,30,1317,30,12.072201822752975,9.852031347056503,44.827586206896555,9.692661526676115,7.785516146955817,False
TSLA,Random Forest,Tech-Only,60,1287,60,18.57717073886863,13.794171180955122,47.45762711864407,10.20517072168627,8.258812855865997,False
TSLA,Random Forest,Tech-Only,90,1257,90,19.860068926740848,15.016115679057394,53.93258426966292,11.304269621270516,9.012809839141504,False
TSLA,Random Forest,Tech+Sent,30,1317,30,11.80613466937002,9.688104695788184,51.724137931034484,9.692661526676115,7.785516146955817,False
TSLA,Random Forest,Tech+Sent,60,1287,60,18.111500704448773,13.351798366998192,40.67796610169492,10.20517072168627,8.258812855865997,False
TSLA,Random Forest,Tech+Sent,90,1257,90,19.709731476999092,14.949784915169475,56.17977528089888,11.304269621270516,9.012809839141504,False
TSLA,XGBoost,Tech-Only,30,1317,30,15.05165211486413,12.470217895507817,48.275862068965516,9.692661526676115,7.785516146955817,False
TSLA,XGBoost,Tech-Only,60,1287,60,22.077753724912675,16.42216237386068,59.32203389830508,10.20517072168627,8.258812855865997,False
TSLA,XGBoost,Tech-Only,90,1257,90,27.706664394294307,23.213317532009548,52.80898876404494,11.304269621270516,9.012809839141504,False
TSLA,XGBoost,Tech+Sent,30,1317,30,15.05165211486413,12.470217895507817,48.275862068965516,9.692661526676115,7.785516146955817,False
TSLA,XGBoost,Tech+Sent,60,1287,60,22.077753724912675,16.42216237386068,59.32203389830508,10.20517072168627,8.258812855865997,False
TSLA,XGBoost,Tech+Sent,90,1257,90,27.706664394294307,23.213317532009548,52.80898876404494,11.304269621270516,9.012809839141504,False
NVDA,Linear Regression,Tech-Only,30,1317,30,4.7777442979899085,3.6609311157992597,58.620689655172406,4.779300203652364,3.6599989266231083,True
NVDA,Linear Regression,Tech-Only,60,1287,60,3.964546667732431,2.984657230127764,47.45762711864407,3.9947628937857225,3.0230487888142177,True
NVDA,Linear Regression,Tech-Only,90,1257,90,4.388622889841359,3.42401897044394,43.82022471910113,4.327568407985696,3.4059882003269806,False
NVDA,Linear Regression,Tech+Sent,30,1317,30,4.777744297989904,3.6609311157992663,58.620689655172406,4.779300203652364,3.6599989266231083,True
NVDA,Linear Regression,Tech+Sent,60,1287,60,3.964546667732436,2.9846572301277594,47.45762711864407,3.9947628937857225,3.0230487888142177,True
NVDA,Linear Regression,Tech+Sent,90,1257,90,4.388622889841352,3.4240189704439357,43.82022471910113,4.327568407985696,3.4059882003269806,False
NVDA,Random Forest,Tech-Only,30,1317,30,5.0128443499658895,3.9887872631282884,58.620689655172406,4.779300203652364,3.6599989266231083,False
NVDA,Random Forest,Tech-Only,60,1287,60,4.457123831572349,3.3024735541534125,52.54237288135594,3.9947628937857225,3.0230487888142177,False
NVDA,Random Forest,Tech-Only,90,1257,90,6.648048476956964,4.662825225206607,44.9438202247191,4.327568407985696,3.4059882003269806,False
NVDA,Random Forest,Tech+Sent,30,1317,30,4.919294039968629,3.8633635789194085,62.06896551724138,4.779300203652364,3.6599989266231083,False
NVDA,Random Forest,Tech+Sent,60,1287,60,4.402826231785904,3.1970399013883726,52.54237288135594,3.9947628937857225,3.0230487888142177,False
NVDA,Random Forest,Tech+Sent,90,1257,90,6.721921509322401,4.719516589125723,46.06741573033708,4.327568407985696,3.4059882003269806,False
NVDA,XGBoost,Tech-Only,30,1317,30,6.607001703697147,5.456426493326827,51.724137931034484,4.779300203652364,3.6599989266231083,False
NVDA,XGBoost,Tech-Only,60,1287,60,5.262628649944076,4.2061597188313815,54.23728813559322,3.9947628937857225,3.0230487888142177,False
NVDA,XGBoost,Tech-Only,90,1257,90,7.078878167595399,5.002766757541234,48.31460674157304,4.327568407985696,3.4059882003269806,False
NVDA,XGBoost,Tech+Sent,30,1317,30,6.607001703697147,5.456426493326827,51.724137931034484,4.779300203652364,3.6599989266231083,False
NVDA,XGBoost,Tech+Sent,60,1287,60,5.262628649944076,4.2061597188313815,54.23728813559322,3.9947628937857225,3.0230487888142177,False
NVDA,XGBoost,Tech+Sent,90,1257,90,7.078878167595399,5.002766757541234,48.31460674157304,4.327568407985696,3.4059882003269806,False
META,Linear Regression,Tech-Only,30,1317,30,17.954291247292964,12.052235780664038,51.724137931034484,18.217593043257803,12.265515557650861,True
META,Linear Regression,Tech-Only,60,1287,60,14.10121727376401,9.871025058683585,47.45762711864407,14.272617524156251,9.967174465373411,True
META,Linear Regression,Tech-Only,90,1257,90,15.93882597274969,10.195737555064872,52.80898876404494,15.778107469554394,10.020511927229634,False
META,Linear Regression,Tech+Sent,30,1317,30,17.954291247292986,12.052235780664068,51.724137931034484,18.217593043257803,12.265515557650861,True
META,Linear Regression,Tech+Sent,60,1287,60,14.101217273764002,9.871025058683575,47.45762711864407,14.272617524156251,9.967174465373411,True
META,Linear Regression,Tech+Sent,90,1257,90,15.93882597274969,10.195737555064872,52.80898876404494,15.778107469554394,10.020511927229634,False
META,Random Forest,Tech-Only,30,1317,30,18.49040399001047,12.18254048926924,65.51724137931035,18.217593043257803,12.265515557650861,False
META,Random Forest,Tech-Only,60,1287,60,14.684566127080489,10.66094150501015,45.76271186440678,14.272617524156251,9.967174465373411,False
META,Random Forest,Tech-Only,90,1257,90,17.862810996519435,11.97510783860294,47.19101123595505,15.778107469554394,10.020511927229634,False
META,Random Forest,Tech+Sent,30,1317,30,18.27111446792955,12.178942549472962,58.620689655172406,18.217593043257803,12.265515557650861,False
META,Random Forest,Tech+Sent,60,1287,60,14.83577269379238,10.6016188109415,45.76271186440678,14.272617524156251,9.967174465373411,False
META,Random Forest,Tech+Sent,90,1257,90,17.8016858284835,12.07558538028459,43.82022471910113,15.778107469554394,10.020511927229634,False
META,XGBoost,Tech-Only,30,1317,30,25.097880396298464,19.383001708984374,55.172413793103445,18.217593043257803,12.265515557650861,False
META,XGBoost,Tech-Only,60,1287,60,17.156688703711854,12.297164916992188,52.54237288135594,14.272617524156251,9.967174465373411,False
META,XGBoost,Tech-Only,90,1257,90,22.45453193458313,16.171473524305554,52.80898876404494,15.778107469554394,10.020511927229634,False
META,XGBoost,Tech+Sent,30,1317,30,25.097880396298464,19.383001708984374,55.172413793103445,18.217593043257803,12.265515557650861,False
META,XGBoost,Tech+Sent,60,1287,60,17.156688703711854,12.297164916992188,52.54237288135594,14.272617524156251,9.967174465373411,False
META,XGBoost,Tech+Sent,90,1257,90,22.45453193458313,16.171473524305554,52.80898876404494,15.778107469554394,10.020511927229634,False
AAPL,Linear Regression,Tech-Only,30,1317,30,5.164660260010864,3.8194688865632402,48.275862068965516,5.1828094451545095,3.832542682516166,True
AAPL,Linear Regression,Tech-Only,60,1287,60,3.916566808823043,2.7028460538717494,49.152542372881356,3.8938273371272505,2.6755950410487297,False
AAPL,Linear Regression,Tech-Only,90,1257,90,3.7512587489489806,2.608422446222316,56.17977528089888,3.54367310783071,2.459670849060745,False
AAPL,Linear Regression,Tech+Sent,30,1317,30,5.1646602600108755,3.819468886563241,48.275862068965516,5.1828094451545095,3.832542682516166,True
AAPL,Linear Regression,Tech+Sent,60,1287,60,3.9165668088230428,2.7028460538717334,49.152542372881356,3.8938273371272505,2.6755950410487297,False
AAPL,Linear Regression,Tech+Sent,90,1257,90,3.7512587489489904,2.6084224462223284,56.17977528089888,3.54367310783071,2.459670849060745,False
AAPL,Random Forest,Tech-Only,30,1317,30,5.600524682244055,4.388230749587674,51.724137931034484,5.1828094451545095,3.832542682516166,False
AAPL,Random Forest,Tech-Only,60,1287,60,7.777841957745646,6.27716206757783,50.847457627118644,3.8938273371272505,2.6755950410487297,False
AAPL,Random Forest,Tech-Only,90,1257,90,19.359197504586678,17.772926845424237,57.30337078651685,3.54367310783071,2.459670849060745,False
AAPL,Random Forest,Tech+Sent,30,1317,30,5.614173518361065,4.427972452011214,48.275862068965516,5.1828094451545095,3.832542682516166,False
AAPL,Random Forest,Tech+Sent,60,1287,60,8.231560147766572,6.519344138562238,47.45762711864407,3.8938273371272505,2.6755950410487297,False
AAPL,Random Forest,Tech+Sent,90,1257,90,19.262538394844984,17.703519875733498,60.67415730337079,3.54367310783071,2.459670849060745,False
AAPL,XGBoost,Tech-Only,30,1317,30,6.395887140155694,5.158397420247394,58.620689655172406,5.1828094451545095,3.832542682516166,False
AAPL,XGBoost,Tech-Only,60,1287,60,6.123242370980627,5.033444213867187,47.45762711864407,3.8938273371272505,2.6755950410487297,False
AAPL,XGBoost,Tech-Only,90,1257,90,23.768308613957018,22.32691158718533,52.80898876404494,3.54367310783071,2.459670849060745,False
AAPL,XGBoost,Tech+Sent,30,1317,30,6.395887140155694,5.158397420247394,58.620689655172406,5.1828094451545095,3.832542682516166,False
AAPL,XGBoost,Tech+Sent,60,1287,60,6.123242370980627,5.033444213867187,47.45762711864407,3.8938273371272505,2.6755950410487297,False
AAPL,XGBoost,Tech+Sent,90,1257,90,23.768308613957018,22.32691158718533,52.80898876404494,3.54367310783071,2.459670849060745,False
MSFT,Linear Regression,Tech-Only,30,1317,30,11.996608874005998,7.964757195768002,55.172413793103445,12.03837889788303,7.924753123316275,True
MSFT,Linear Regression,Tech-Only,60,1287,60,9.354715184682021,6.060313398948523,49.152542372881356,9.335952787826043,6.009376655190678,False
MSFT,Linear Regression,Tech-Only,90,1257,90,8.739164184515204,6.035054604901016,56.17977528089888,8.552344550145648,5.832682063070576,False
MSFT,Linear Regression,Tech+Sent,30,1317,30,11.996608874005998,7.964757195768002,55.172413793103445,12.03837889788303,7.924753123316275,True
MSFT,Linear Regression,Tech+Sent,60,1287,60,9.354715184682007,6.060313398948518,49.152542372881356,9.335952787826043,6.009376655190678,False
MSFT,Linear Regression,Tech+Sent,90,1257,90,8.739164184515191,6.035054604901022,56.17977528089888,8.552344550145648,5.832682063070576,False
MSFT,Random Forest,Tech-Only,30,1317,30,12.465570713468493,8.293271012870132,51.724137931034484,12.03837889788303,7.924753123316275,False
MSFT,Random Forest,Tech-Only,60,1287,60,10.372873466999197,6.636514906214211,50.847457627118644,9.335952787826043,6.009376655190678,False
MSFT,Random Forest,Tech-Only,90,1257,90,14.55901442829068,11.177696850797297,51.68539325842697,8.552344550145648,5.832682063070576,False
MSFT,Random Forest,Tech+Sent,30,1317,30,12.355442354206586,8.180376468284994,55.172413793103445,12.03837889788303,7.924753123316275,False
MSFT,Random Forest,Tech+Sent,60,1287,60,10.3869778849723,6.678919388306336,50.847457627118644,9.335952787826043,6.009376655190678,False
MSFT,Random Forest,Tech+Sent,90,1257,90,14.732602328260219,11.304453868749379,55.0561797752809,8.552344550145648,5.832682063070576,False
MSFT,XGBoost,Tech-Only,30,1317,30,13.831178705601287,9.157224527994794,41.37931034482759,12.03837889788303,7.924753123316275,False
MSFT,XGBoost,Tech-Only,60,1287,60,12.254402653361536,8.51259765625,52.54237288135594,9.335952787826043,6.009376655190678,False
MSFT,XGBoost,Tech-Only,90,1257,90,16.44895748034647,12.67612033420139,47.19101123595505,8.552344550145648,5.832682063070576,False
MSFT,XGBoost,Tech+Sent,30,1317,30,13.831178705601287,9.157224527994794,41.37931034482759,12.03837889788303,7.924753123316275,False
MSFT,XGBoost,Tech+Sent,60,1287,60,12.254402653361536,8.51259765625,52.54237288135594,9.335952787826043,6.009376655190678,False
MSFT,XGBoost,Tech+Sent,90,1257,90,16.44895748034647,12.67612033420139,47.19101123595505,8.552344550145648,5.832682063070576,False
GOOGL,Linear Regression,Tech-Only,30,1324,30,5.215912321957468,4.108015278127383,48.275862068965516,4.6298520921566215,3.6562594709725214,False
GOOGL,Linear Regression,Tech-Only,60,1294,60,4.999501834540677,3.9628543721044553,52.54237288135594,4.3145837496207085,3.3973766262248413,False
GOOGL,Linear Regression,Tech-Only,90,1264,90,5.150435021518079,4.050858609497902,44.9438202247191,5.130043886057318,3.965416040313378,False
GOOGL,Linear Regression,Tech+Sent,30,1324,30,5.215912321957441,4.10801527812735,48.275862068965516,4.6298520921566215,3.6562594709725214,False
GOOGL,Linear Regression,Tech+Sent,60,1294,60,4.9995018345406965,3.962854372104476,52.54237288135594,4.3145837496207085,3.3973766262248413,False
GOOGL,Linear Regression,Tech+Sent,90,1264,90,5.150435021518079,4.050858609497902,44.9438202247191,5.130043886057318,3.965416040313378,False
GOOGL,Random Forest,Tech-Only,30,1324,30,12.920955840827222,11.634753576490613,55.172413793103445,4.6298520921566215,3.6562594709725214,False
GOOGL,Random Forest,Tech-Only,60,1294,60,11.745132235282208,10.011616645389132,44.06779661016949,4.3145837496207085,3.3973766262248413,False
GOOGL,Random Forest,Tech-Only,90,1264,90,50.26998160455262,47.302573863825735,57.30337078651685,5.130043886057318,3.965416040313378,False
GOOGL,Random Forest,Tech+Sent,30,1324,30,13.343472271692299,12.033155197143552,55.172413793103445,4.6298520921566215,3.6562594709725214,False
GOOGL,Random Forest,Tech+Sent,60,1294,60,12.112742720836836,10.440522341410324,38.983050847457626,4.3145837496207085,3.3973766262248413,False
GOOGL,Random Forest,Tech+Sent,90,1264,90,50.59500581882506,47.622869361029736,56.17977528089888,5.130043886057318,3.965416040313378,False
GOOGL,XGBoost,Tech-Only,30,1324,30,8.074135062868722,7.257224527994792,51.724137931034484,4.6298520921566215,3.6562594709725214,False
GOOGL,XGBoost,Tech-Only,60,1294,60,15.850846480042701,12.839595540364583,47.45762711864407,4.3145837496207085,3.3973766262248413,False
GOOGL,XGBoost,Tech-Only,90,1264,90,54.25640645079462,51.18419426812066,48.31460674157304,5.130043886057318,3.965416040313378,False
GOOGL,XGBoost,Tech+Sent,30,1324,30,8.074135062868722,7.257224527994792,51.724137931034484,4.6298520921566215,3.6562594709725214,False
GOOGL,XGBoost,Tech+Sent,60,1294,60,15.850846480042701,12.839595540364583,47.45762711864407,4.3145837496207085,3.3973766262248413,False
GOOGL,XGBoost,Tech+Sent,90,1264,90,54.25640645079462,51.18419426812066,48.31460674157304,5.130043886057318,3.965416040313378,False
AMZN,Linear Regression,Tech-Only,30,1324,30,4.793886829875055,3.6856250283930954,48.275862068965516,4.4373037440227625,3.3982759673019918,False
AMZN,Linear Regression,Tech-Only,60,1294,60,4.168315410530602,3.172899625410465,52.54237288135594,4.099919723833588,3.1042374433097164,False
AMZN,Linear Regression,Tech-Only,90,1264,90,4.72218696098246,3.4433511876660843,50.56179775280899,4.765371343136429,3.436067388298805,True
AMZN,Linear Regression,Tech+Sent,30,1324,30,4.7938868298750315,3.685625028393077,48.275862068965516,4.4373037440227625,3.3982759673019918,False
AMZN,Linear Regression,Tech+Sent,60,1294,60,4.168315410530596,3.172899625410457,52.54237288135594,4.099919723833588,3.1042374433097164,False
AMZN,Linear Regression,Tech+Sent,90,1264,90,4.722186960982463,3.443351187666082,50.56179775280899,4.765371343136429,3.436067388298805,True
AMZN,Random Forest,Tech-Only,30,1324,30,4.84323298068558,3.604816539424748,55.172413793103445,4.4373037440227625,3.3982759673019918,False
AMZN,Random Forest,Tech-Only,60,1294,60,5.15478057293318,4.132810604744494,49.152542372881356,4.099919723833588,3.1042374433097164,False
AMZN,Random Forest,Tech-Only,90,1264,90,7.0954944498664805,5.351600798564573,50.56179775280899,4.765371343136429,3.436067388298805,False
AMZN,Random Forest,Tech+Sent,30,1324,30,4.895886798784185,3.6673903107196923,55.172413793103445,4.4373037440227625,3.3982759673019918,False
AMZN,Random Forest,Tech+Sent,60,1294,60,4.977043561033085,4.011263489509266,59.32203389830508,4.099919723833588,3.1042374433097164,False
AMZN,Random Forest,Tech+Sent,90,1264,90,7.032299216610808,5.2777851191542124,51.68539325842697,4.765371343136429,3.436067388298805,False
AMZN,XGBoost,Tech-Only,30,1324,30,5.173775671020642,4.077554321289062,55.172413793103445,4.4373037440227625,3.3982759673019918,False
AMZN,XGBoost,Tech-Only,60,1294,60,5.781622899781808,4.599910227457681,61.016949152542374,4.099919723833588,3.1042374433097164,False
AMZN,XGBoost,Tech-Only,90,1264,90,9.427982714717908,7.2205079820421005,47.19101123595505,4.765371343136429,3.436067388298805,False
AMZN,XGBoost,Tech+Sent,30,1324,30,5.173775671020642,4.077554321289062,55.172413793103445,4.4373037440227625,3.3982759673019918,False
AMZN,XGBoost,Tech+Sent,60,1294,60,5.781622899781808,4.599910227457681,61.016949152542374,4.099919723833588,3.1042374433097164,False
AMZN,XGBoost,Tech+Sent,90,1264,90,9.427982714717908,7.2205079820421005,47.19101123595505,4.765371343136429,3.436067388298805,False
SPY,Linear Regression,Tech-Only,30,1324,30,5.346182756302656,4.370020944309124,34.48275862068966,5.250907050274685,4.188621784078664,False
SPY,Linear Regression,Tech-Only,60,1294,60,4.953263268642427,3.906122570404375,45.76271186440678,4.903978614878506,3.8253494521318854,False
SPY,Linear Regression,Tech-Only,90,1264,90,5.111001290441803,3.9474817168510348,47.19101123595505,5.060955904135407,3.947240936622191,False
SPY,Linear Regression,Tech+Sent,30,1324,30,5.346182756304562,4.370020944309673,34.48275862068966,5.250907050274685,4.188621784078664,False
SPY,Linear Regression,Tech+Sent,60,1294,60,4.9532632686424165,3.906122570404377,45.76271186440678,4.903978614878506,3.8253494521318854,False
SPY,Linear Regression,Tech+Sent,90,1264,90,5.111001290441803,3.9474817168510348,47.19101123595505,5.060955904135407,3.947240936622191,False
SPY,Random Forest,Tech-Only,30,1324,30,5.43975969985146,4.516051359805439,41.37931034482759,5.250907050274685,4.188621784078664,False
SPY,Random Forest,Tech-Only,60,1294,60,11.821208624419434,10.495736098234001,45.76271186440678,4.903978614878506,3.8253494521318854,False
SPY,Random Forest,Tech-Only,90,1264,90,9.76636977886112,8.28661261231764,50.56179775280899,5.060955904135407,3.947240936622191,False
SPY,Random Forest,Tech+Sent,30,1324,30,5.521163940450052,4.595643696457,37.93103448275862,5.250907050274685,4.188621784078664,False
SPY,Random Forest,Tech+Sent,60,1294,60,12.082585567372567,10.762415544606792,47.45762711864407,4.903978614878506,3.8253494521318854,False
SPY,Random Forest,Tech+Sent,90,1264,90,10.233660636611974,8.788588697806883,51.68539325842697,5.060955904135407,3.947240936622191,False
SPY,XGBoost,Tech-Only,30,1324,30,4.8392832004751405,3.85091552734375,48.275862068965516,5.250907050274685,4.188621784078664,True
SPY,XGBoost,Tech-Only,60,1294,60,13.516864601146617,12.019884236653645,45.76271186440678,4.903978614878506,3.8253494521318854,False
SPY,XGBoost,Tech-Only,90,1264,90,11.12006161079013,9.671737331814237,53.93258426966292,5.060955904135407,3.947240936622191,False
SPY,XGBoost,Tech+Sent,30,1324,30,4.8392832004751405,3.85091552734375,48.275862068965516,5.250907050274685,4.188621784078664,True
SPY,XGBoost,Tech+Sent,60,1294,60,13.516864601146617,12.019884236653645,45.76271186440678,4.903978614878506,3.8253494521318854,False
SPY,XGBoost,Tech+Sent,90,1264,90,11.12006161079013,9.671737331814237,53.93258426966292,5.060955904135407,3.947240936622191,False
QQQ,Linear Regression,Tech-Only,30,1324,30,6.856942925352226,5.751542649199795,37.93103448275862,6.679833692980514,5.609657024515086,False
QQQ,Linear Regression,Tech-Only,60,1294,60,6.174930488652545,4.905386996472475,49.152542372881356,6.153914636353736,4.968260684255826,False
QQQ,Linear Regression,Tech-Only,90,1264,90,6.518799198209203,5.0089866053430345,43.82022471910113,6.419974693672703,5.054555142863413,False
QQQ,Linear Regression,Tech+Sent,30,1324,30,6.856942925352226,5.751542649199795,37.93103448275862,6.679833692980514,5.609657024515086,False
QQQ,Linear Regression,Tech+Sent,60,1294,60,6.17493048865253,4.905386996472472,49.152542372881356,6.153914636353736,4.968260684255826,False
QQQ,Linear Regression,Tech+Sent,90,1264,90,6.518799198209203,5.0089866053430345,43.82022471910113,6.419974693672703,5.054555142863413,False
QQQ,Random Forest,Tech-Only,30,1324,30,7.973640366077557,6.601165850034272,34.48275862068966,6.679833692980514,5.609657024515086,False
QQQ,Random Forest,Tech-Only,60,1294,60,7.7802263354052945,6.6875091107891445,49.152542372881356,6.153914636353736,4.968260684255826,False
QQQ,Random Forest,Tech-Only,90,1264,90,9.478214624113194,7.218934501704472,55.0561797752809,6.419974693672703,5.054555142863413,False
QQQ,Random Forest,Tech+Sent,30,1324,30,7.780025857527543,6.4613171013637425,37.93103448275862,6.679833692980514,5.609657024515086,False
QQQ,Random Forest,Tech+Sent,60,1294,60,7.9615558392446655,6.839574175494321,49.152542372881356,6.153914636353736,4.968260684255826,False
QQQ,Random Forest,Tech+Sent,90,1264,90,9.751139969499068,7.425474728054476,49.43820224719101,6.419974693672703,5.054555142863413,False
QQQ,XGBoost,Tech-Only,30,1324,30,9.210172464213972,7.707102457682292,27.586206896551722,6.679833692980514,5.609657024515086,False
QQQ,XGBoost,Tech-Only,60,1294,60,7.595855552019044,6.138206990559896,35.59322033898305,6.153914636353736,4.968260684255826,False
QQQ,XGBoost,Tech-Only,90,1264,90,11.450254135918824,9.646741400824652,51.68539325842697,6.419974693672703,5.054555142863413,False
QQQ,XGBoost,Tech+Sent,30,1324,30,9.210172464213972,7.707102457682292,27.586206896551722,6.679833692980514,5.609657024515086,False
QQQ,XGBoost,Tech+Sent,60,1294,60,7.595855552019044,6.138206990559896,35.59322033898305,6.153914636353736,4.968260684255826,False
QQQ,XGBoost,Tech+Sent,90,1264,90,11.450254135918824,9.646741400824652,51.68539325842697,6.419974693672703,5.054555142863413,False
